age_start,age_end,cases,deaths,cfr
30,39,1000,2,0.2
40,49,2000,4,0.2
50,59,3000,24,0.8
60,69,2851.851852,77,2.7
70,79,3333.333333,360,10.8
80,89,2502.857143,438,17.5
90,MAX,454.9763033,96,21.1
